1;Medellín;ciudadDefault.png
2;Abejorral;ciudadDefault.png
3;Abriaquí;ciudadDefault.png
4;Alejandría;ciudadDefault.png
5;Amagá;ciudadDefault.png
6;Amalfi;ciudadDefault.png
7;Andes;ciudadDefault.png
8;Angelópolis;ciudadDefault.png
9;Angostura;ciudadDefault.png
10;Anorí;ciudadDefault.png
11;Tununguá;ciudadDefault.png
12;Anza;ciudadDefault.png
13;Apartadó;ciudadDefault.png
14;Arboletes;ciudadDefault.png
15;Argelia;ciudadDefault.png
16;Armenia;ciudadDefault.png
17;Barbosa;ciudadDefault.png
18;Bello;ciudadDefault.png
19;Betania;ciudadDefault.png
20;Betulia;ciudadDefault.png
21;Ciudad Bolívar;ciudadDefault.png
22;Briceño;ciudadDefault.png
23;Buriticá;ciudadDefault.png
24;Cáceres;ciudadDefault.png
25;Caicedo;ciudadDefault.png
26;Caldas;ciudadDefault.png
27;Campamento;ciudadDefault.png
28;Cañasgordas;ciudadDefault.png
29;Caracolí;ciudadDefault.png
30;Caramanta;ciudadDefault.png
31;Carepa;ciudadDefault.png
32;Motavita;ciudadDefault.png
33;Carolina;ciudadDefault.png
34;Caucasia;ciudadDefault.png
35;Chigorodó;ciudadDefault.png
36;Cisneros;ciudadDefault.png
37;Cocorná;ciudadDefault.png
38;Concepción;ciudadDefault.png
39;Concordia;ciudadDefault.png
40;Copacabana;ciudadDefault.png
41;Dabeiba;ciudadDefault.png
42;Don Matías;ciudadDefault.png
43;Ebéjico;ciudadDefault.png
44;El Bagre;ciudadDefault.png
45;Entrerrios;ciudadDefault.png
46;Envigado;ciudadDefault.png
47;Fredonia;ciudadDefault.png
48;San Bernardo del Viento;ciudadDefault.png
49;Giraldo;ciudadDefault.png
50;Girardota;ciudadDefault.png
51;Gómez Plata;ciudadDefault.png
52;Istmina;ciudadDefault.png
53;Guadalupe;ciudadDefault.png
54;Guarne;ciudadDefault.png
55;Guatapé;ciudadDefault.png
56;Heliconia;ciudadDefault.png
57;Hispania;ciudadDefault.png
58;Itagui;ciudadDefault.png
59;Ituango;ciudadDefault.png
60;Belmira;ciudadDefault.png
61;Jericó;ciudadDefault.png
62;La Ceja;ciudadDefault.png
63;La Estrella;ciudadDefault.png
64;La Pintada;ciudadDefault.png
65;La Unión;ciudadDefault.png
66;Liborina;ciudadDefault.png
67;Maceo;ciudadDefault.png
68;Marinilla;ciudadDefault.png
69;Montebello;ciudadDefault.png
70;Murindó;ciudadDefault.png
71;Mutatá;ciudadDefault.png
72;Nariño;ciudadDefault.png
73;Necoclí;ciudadDefault.png
74;Nechí;ciudadDefault.png
75;Olaya;ciudadDefault.png
76;Peñol;ciudadDefault.png
77;Peque;ciudadDefault.png
78;Pueblorrico;ciudadDefault.png
79;Puerto Berrío;ciudadDefault.png
80;Puerto Nare;ciudadDefault.png
81;Puerto Triunfo;ciudadDefault.png
82;Remedios;ciudadDefault.png
83;Retiro;ciudadDefault.png
84;Rionegro;ciudadDefault.png
85;Sabanalarga;ciudadDefault.png
86;Sabaneta;ciudadDefault.png
87;Salgar;ciudadDefault.png
88;Ciénega;ciudadDefault.png
89;Santacruz;ciudadDefault.png
90;San Francisco;ciudadDefault.png
91;San Jerónimo;ciudadDefault.png
92;Puerto Wilches;ciudadDefault.png
93;Puerto Parra;ciudadDefault.png
94;San Luis;ciudadDefault.png
95;San Pedro;ciudadDefault.png
96;San Rafael;ciudadDefault.png
97;San Roque;ciudadDefault.png
98;San Vicente;ciudadDefault.png
99;Santa Bárbara;ciudadDefault.png
100;Santo Domingo;ciudadDefault.png
101;El Santuario;ciudadDefault.png
102;Segovia;ciudadDefault.png
103;Sopetrán;ciudadDefault.png
104;Uribe;ciudadDefault.png
105;Támesis;ciudadDefault.png
106;Tarazá;ciudadDefault.png
107;Tarso;ciudadDefault.png
108;Titiribí;ciudadDefault.png
109;Toledo;ciudadDefault.png
110;Turbo;ciudadDefault.png
111;Uramita;ciudadDefault.png
112;Urrao;ciudadDefault.png
113;Valdivia;ciudadDefault.png
114;Valparaíso;ciudadDefault.png
115;Vegachí;ciudadDefault.png
116;Venecia;ciudadDefault.png
117;Yalí;ciudadDefault.png
118;Yarumal;ciudadDefault.png
119;Yolombó;ciudadDefault.png
120;Yondó;ciudadDefault.png
121;Zaragoza;ciudadDefault.png
122;Barranquilla;ciudadDefault.png
123;Baranoa;ciudadDefault.png
124;Candelaria;ciudadDefault.png
125;Galapa;ciudadDefault.png
126;Luruaco;ciudadDefault.png
127;Malambo;ciudadDefault.png
128;Manatí;ciudadDefault.png
129;Piojó;ciudadDefault.png
130;Polonuevo;ciudadDefault.png
131;Sabanagrande;ciudadDefault.png
132;Sabanalarga;ciudadDefault.png
133;Santa Lucía;ciudadDefault.png
134;Santo Tomás;ciudadDefault.png
135;Soledad;ciudadDefault.png
136;Suan;ciudadDefault.png
137;Tubará;ciudadDefault.png
138;Usiacurí;ciudadDefault.png
139;Achí;ciudadDefault.png
140;Arenal;ciudadDefault.png
141;Arjona;ciudadDefault.png
142;Arroyohondo;ciudadDefault.png
143;Calamar;ciudadDefault.png
144;Cantagallo;ciudadDefault.png
145;Cicuco;ciudadDefault.png
146;Córdoba;ciudadDefault.png
147;Clemencia;ciudadDefault.png
148;El Guamo;ciudadDefault.png
149;Magangué;ciudadDefault.png
150;Mahates;ciudadDefault.png
151;Margarita;ciudadDefault.png
152;Montecristo;ciudadDefault.png
153;Mompós;ciudadDefault.png
154;Morales;ciudadDefault.png
155;Norosí;ciudadDefault.png
156;Pinillos;ciudadDefault.png
157;Regidor;ciudadDefault.png
158;Río Viejo;ciudadDefault.png
159;San Estanislao;ciudadDefault.png
160;San Fernando;ciudadDefault.png
161;San Juan Nepomuceno;ciudadDefault.png
162;Santa Catalina;ciudadDefault.png
163;Santa Rosa;ciudadDefault.png
164;Simití;ciudadDefault.png
165;Soplaviento;ciudadDefault.png
166;Talaigua Nuevo;ciudadDefault.png
167;Tiquisio;ciudadDefault.png
168;Turbaco;ciudadDefault.png
169;Turbaná;ciudadDefault.png
170;Villanueva;ciudadDefault.png
171;Tunja;ciudadDefault.png
172;Almeida;ciudadDefault.png
173;Aquitania;ciudadDefault.png
174;Arcabuco;ciudadDefault.png
175;Berbeo;ciudadDefault.png
176;Betéitiva;ciudadDefault.png
177;Boavita;ciudadDefault.png
178;Boyacá;ciudadDefault.png
179;Briceño;ciudadDefault.png
180;Buena Vista;ciudadDefault.png
181;Busbanzá;ciudadDefault.png
182;Caldas;ciudadDefault.png
183;Campohermoso;ciudadDefault.png
184;Cerinza;ciudadDefault.png
185;Chinavita;ciudadDefault.png
186;Chiquinquirá;ciudadDefault.png
187;Chiscas;ciudadDefault.png
188;Chita;ciudadDefault.png
189;Chitaraque;ciudadDefault.png
190;Chivatá;ciudadDefault.png
191;Cómbita;ciudadDefault.png
192;Coper;ciudadDefault.png
193;Corrales;ciudadDefault.png
194;Covarachía;ciudadDefault.png
195;Cubará;ciudadDefault.png
196;Cucaita;ciudadDefault.png
197;Cuítiva;ciudadDefault.png
198;Chíquiza;ciudadDefault.png
199;Chivor;ciudadDefault.png
200;Duitama;ciudadDefault.png
201;El Cocuy;ciudadDefault.png
202;El Espino;ciudadDefault.png
203;Firavitoba;ciudadDefault.png
204;Floresta;ciudadDefault.png
205;Gachantivá;ciudadDefault.png
206;Gameza;ciudadDefault.png
207;Garagoa;ciudadDefault.png
208;Guacamayas;ciudadDefault.png
209;Guateque;ciudadDefault.png
210;Guayatá;ciudadDefault.png
211;Güicán;ciudadDefault.png
212;Iza;ciudadDefault.png
213;Jenesano;ciudadDefault.png
214;Jericó;ciudadDefault.png
215;Labranzagrande;ciudadDefault.png
216;La Capilla;ciudadDefault.png
217;La Victoria;ciudadDefault.png
218;Macanal;ciudadDefault.png
219;Maripí;ciudadDefault.png
220;Miraflores;ciudadDefault.png
221;Mongua;ciudadDefault.png
222;Monguí;ciudadDefault.png
223;Moniquirá;ciudadDefault.png
224;Muzo;ciudadDefault.png
225;Nobsa;ciudadDefault.png
226;Nuevo Colón;ciudadDefault.png
227;Oicatá;ciudadDefault.png
228;Otanche;ciudadDefault.png
229;Pachavita;ciudadDefault.png
230;Páez;ciudadDefault.png
231;Paipa;ciudadDefault.png
232;Pajarito;ciudadDefault.png
233;Panqueba;ciudadDefault.png
234;Pauna;ciudadDefault.png
235;Paya;ciudadDefault.png
236;Pesca;ciudadDefault.png
237;Pisba;ciudadDefault.png
238;Puerto Boyacá;ciudadDefault.png
239;Quípama;ciudadDefault.png
240;Ramiriquí;ciudadDefault.png
241;Ráquira;ciudadDefault.png
242;Rondón;ciudadDefault.png
243;Saboyá;ciudadDefault.png
244;Sáchica;ciudadDefault.png
245;Samacá;ciudadDefault.png
246;San Eduardo;ciudadDefault.png
247;San Mateo;ciudadDefault.png
248;Santana;ciudadDefault.png
249;Santa María;ciudadDefault.png
250;Santa Sofía;ciudadDefault.png
251;Sativanorte;ciudadDefault.png
252;Sativasur;ciudadDefault.png
253;Siachoque;ciudadDefault.png
254;Soatá;ciudadDefault.png
255;Socotá;ciudadDefault.png
256;Socha;ciudadDefault.png
257;Sogamoso;ciudadDefault.png
258;Somondoco;ciudadDefault.png
259;Sora;ciudadDefault.png
260;Sotaquirá;ciudadDefault.png
261;Soracá;ciudadDefault.png
262;Susacón;ciudadDefault.png
263;Sutamarchán;ciudadDefault.png
264;Sutatenza;ciudadDefault.png
265;Tasco;ciudadDefault.png
266;Tenza;ciudadDefault.png
267;Tibaná;ciudadDefault.png
268;Tinjacá;ciudadDefault.png
269;Tipacoque;ciudadDefault.png
270;Toca;ciudadDefault.png
271;Tópaga;ciudadDefault.png
272;Tota;ciudadDefault.png
273;Turmequé;ciudadDefault.png
274;Tutazá;ciudadDefault.png
275;Umbita;ciudadDefault.png
276;Ventaquemada;ciudadDefault.png
277;Viracachá;ciudadDefault.png
278;Zetaquira;ciudadDefault.png
279;Manizales;ciudadDefault.png
280;Aguadas;ciudadDefault.png
281;Anserma;ciudadDefault.png
282;Aranzazu;ciudadDefault.png
283;Belalcázar;ciudadDefault.png
284;Chinchiná;ciudadDefault.png
285;Filadelfia;ciudadDefault.png
286;La Dorada;ciudadDefault.png
287;La Merced;ciudadDefault.png
288;Manzanares;ciudadDefault.png
289;Marmato;ciudadDefault.png
290;Marulanda;ciudadDefault.png
291;Neira;ciudadDefault.png
292;Norcasia;ciudadDefault.png
293;Pácora;ciudadDefault.png
294;Palestina;ciudadDefault.png
295;Pensilvania;ciudadDefault.png
296;Riosucio;ciudadDefault.png
297;Risaralda;ciudadDefault.png
298;Salamina;ciudadDefault.png
299;Samaná;ciudadDefault.png
300;San José;ciudadDefault.png
301;Supía;ciudadDefault.png
302;Victoria;ciudadDefault.png
303;Villamaría;ciudadDefault.png
304;Viterbo;ciudadDefault.png
305;Florencia;ciudadDefault.png
306;Albania;ciudadDefault.png
307;Curillo;ciudadDefault.png
308;El Doncello;ciudadDefault.png
309;El Paujil;ciudadDefault.png
310;Morelia;ciudadDefault.png
311;Puerto Rico;ciudadDefault.png
312;Solano;ciudadDefault.png
313;Solita;ciudadDefault.png
314;Valparaíso;ciudadDefault.png
315;Popayán;ciudadDefault.png
316;Almaguer;ciudadDefault.png
317;Argelia;ciudadDefault.png
318;Balboa;ciudadDefault.png
319;Bolívar;ciudadDefault.png
320;Buenos Aires;ciudadDefault.png
321;Cajibío;ciudadDefault.png
322;Caldono;ciudadDefault.png
323;Caloto;ciudadDefault.png
324;Corinto;ciudadDefault.png
325;El Tambo;ciudadDefault.png
326;Florencia;ciudadDefault.png
327;Guachené;ciudadDefault.png
328;Guapi;ciudadDefault.png
329;Inzá;ciudadDefault.png
330;Jambaló;ciudadDefault.png
331;La Sierra;ciudadDefault.png
332;La Vega;ciudadDefault.png
333;López;ciudadDefault.png
334;Mercaderes;ciudadDefault.png
335;Miranda;ciudadDefault.png
336;Morales;ciudadDefault.png
337;Padilla;ciudadDefault.png
338;Patía;ciudadDefault.png
339;Piamonte;ciudadDefault.png
340;Piendamó;ciudadDefault.png
341;Puerto Tejada;ciudadDefault.png
342;Puracé;ciudadDefault.png
343;Rosas;ciudadDefault.png
344;Santa Rosa;ciudadDefault.png
345;Silvia;ciudadDefault.png
346;Sotara;ciudadDefault.png
347;Suárez;ciudadDefault.png
348;Sucre;ciudadDefault.png
349;Timbío;ciudadDefault.png
350;Timbiquí;ciudadDefault.png
351;Toribio;ciudadDefault.png
352;Totoró;ciudadDefault.png
353;Villa Rica;ciudadDefault.png
354;Valledupar;ciudadDefault.png
355;Aguachica;ciudadDefault.png
356;Agustín Codazzi;ciudadDefault.png
357;Astrea;ciudadDefault.png
358;Becerril;ciudadDefault.png
359;Bosconia;ciudadDefault.png
360;Chimichagua;ciudadDefault.png
361;Chiriguaná;ciudadDefault.png
362;Curumaní;ciudadDefault.png
363;El Copey;ciudadDefault.png
364;El Paso;ciudadDefault.png
365;Gamarra;ciudadDefault.png
366;González;ciudadDefault.png
367;La Gloria;ciudadDefault.png
368;Manaure;ciudadDefault.png
369;Pailitas;ciudadDefault.png
370;Pelaya;ciudadDefault.png
371;Pueblo Bello;ciudadDefault.png
372;La Paz;ciudadDefault.png
373;San Alberto;ciudadDefault.png
374;San Diego;ciudadDefault.png
375;San Martín;ciudadDefault.png
376;Tamalameque;ciudadDefault.png
377;Montería;ciudadDefault.png
378;Ayapel;ciudadDefault.png
379;Buenavista;ciudadDefault.png
380;Canalete;ciudadDefault.png
381;Cereté;ciudadDefault.png
382;Chimá;ciudadDefault.png
383;Chinú;ciudadDefault.png
384;Cotorra;ciudadDefault.png
385;Lorica;ciudadDefault.png
386;Los Córdobas;ciudadDefault.png
387;Momil;ciudadDefault.png
388;Moñitos;ciudadDefault.png
389;Planeta Rica;ciudadDefault.png
390;Pueblo Nuevo;ciudadDefault.png
391;Puerto Escondido;ciudadDefault.png
392;Purísima;ciudadDefault.png
393;Sahagún;ciudadDefault.png
394;San Andrés Sotavento;ciudadDefault.png
395;San Antero;ciudadDefault.png
396;San Pelayo;ciudadDefault.png
397;Tierralta;ciudadDefault.png
398;Tuchín;ciudadDefault.png
399;Valencia;ciudadDefault.png
400;Anapoima;ciudadDefault.png
401;Arbeláez;ciudadDefault.png
402;Beltrán;ciudadDefault.png
403;Bituima;ciudadDefault.png
404;Bojacá;ciudadDefault.png
405;Cabrera;ciudadDefault.png
406;Cachipay;ciudadDefault.png
407;Cajicá;ciudadDefault.png
408;Caparrapí;ciudadDefault.png
409;Caqueza;ciudadDefault.png
410;Chaguaní;ciudadDefault.png
411;Chipaque;ciudadDefault.png
412;Choachí;ciudadDefault.png
413;Chocontá;ciudadDefault.png
414;Cogua;ciudadDefault.png
415;Cota;ciudadDefault.png
416;Cucunubá;ciudadDefault.png
417;El Colegio;ciudadDefault.png
418;El Rosal;ciudadDefault.png
419;Fomeque;ciudadDefault.png
420;Fosca;ciudadDefault.png
421;Funza;ciudadDefault.png
422;Fúquene;ciudadDefault.png
423;Gachala;ciudadDefault.png
424;Gachancipá;ciudadDefault.png
425;Gachetá;ciudadDefault.png
426;Girardot;ciudadDefault.png
427;Granada;ciudadDefault.png
428;Guachetá;ciudadDefault.png
429;Guaduas;ciudadDefault.png
430;Guasca;ciudadDefault.png
431;Guataquí;ciudadDefault.png
432;Guatavita;ciudadDefault.png
433;Guayabetal;ciudadDefault.png
434;Gutiérrez;ciudadDefault.png
435;Jerusalén;ciudadDefault.png
436;Junín;ciudadDefault.png
437;La Calera;ciudadDefault.png
438;La Mesa;ciudadDefault.png
439;La Palma;ciudadDefault.png
440;La Peña;ciudadDefault.png
441;La Vega;ciudadDefault.png
442;Lenguazaque;ciudadDefault.png
443;Macheta;ciudadDefault.png
444;Madrid;ciudadDefault.png
445;Manta;ciudadDefault.png
446;Medina;ciudadDefault.png
447;Mosquera;ciudadDefault.png
448;Nariño;ciudadDefault.png
449;Nemocón;ciudadDefault.png
450;Nilo;ciudadDefault.png
451;Nimaima;ciudadDefault.png
452;Nocaima;ciudadDefault.png
453;Venecia;ciudadDefault.png
454;Pacho;ciudadDefault.png
455;Paime;ciudadDefault.png
456;Pandi;ciudadDefault.png
457;Paratebueno;ciudadDefault.png
458;Pasca;ciudadDefault.png
459;Puerto Salgar;ciudadDefault.png
460;Pulí;ciudadDefault.png
461;Quebradanegra;ciudadDefault.png
462;Quetame;ciudadDefault.png
463;Quipile;ciudadDefault.png
464;Apulo;ciudadDefault.png
465;Ricaurte;ciudadDefault.png
466;San Bernardo;ciudadDefault.png
467;San Cayetano;ciudadDefault.png
468;San Francisco;ciudadDefault.png
469;Sesquilé;ciudadDefault.png
470;Sibaté;ciudadDefault.png
471;Silvania;ciudadDefault.png
472;Simijaca;ciudadDefault.png
473;Soacha;ciudadDefault.png
474;Subachoque;ciudadDefault.png
475;Suesca;ciudadDefault.png
476;Supatá;ciudadDefault.png
477;Susa;ciudadDefault.png
478;Sutatausa;ciudadDefault.png
479;Tabio;ciudadDefault.png
480;Tausa;ciudadDefault.png
481;Tena;ciudadDefault.png
482;Tenjo;ciudadDefault.png
483;Tibacuy;ciudadDefault.png
484;Tibirita;ciudadDefault.png
485;Tocaima;ciudadDefault.png
486;Tocancipá;ciudadDefault.png
487;Topaipí;ciudadDefault.png
488;Ubalá;ciudadDefault.png
489;Ubaque;ciudadDefault.png
490;Une;ciudadDefault.png
491;Útica;ciudadDefault.png
492;Vianí;ciudadDefault.png
493;Villagómez;ciudadDefault.png
494;Villapinzón;ciudadDefault.png
495;Villeta;ciudadDefault.png
496;Viotá;ciudadDefault.png
497;Zipacón;ciudadDefault.png
498;Quibdó;ciudadDefault.png
499;Acandí;ciudadDefault.png
500;Alto Baudo;ciudadDefault.png
501;Atrato;ciudadDefault.png
502;Bagadó;ciudadDefault.png
503;Bahía Solano;ciudadDefault.png
504;Bajo Baudó;ciudadDefault.png
505;Bojaya;ciudadDefault.png
506;Cértegui;ciudadDefault.png
507;Condoto;ciudadDefault.png
508;Juradó;ciudadDefault.png
509;Lloró;ciudadDefault.png
510;Medio Atrato;ciudadDefault.png
511;Medio Baudó;ciudadDefault.png
512;Medio San Juan;ciudadDefault.png
513;Nóvita;ciudadDefault.png
514;Nuquí;ciudadDefault.png
515;Río Iro;ciudadDefault.png
516;Río Quito;ciudadDefault.png
517;Riosucio;ciudadDefault.png
518;Sipí;ciudadDefault.png
519;Unguía;ciudadDefault.png
520;Neiva;ciudadDefault.png
521;Acevedo;ciudadDefault.png
522;Agrado;ciudadDefault.png
523;Aipe;ciudadDefault.png
524;Algeciras;ciudadDefault.png
525;Altamira;ciudadDefault.png
526;Baraya;ciudadDefault.png
527;Campoalegre;ciudadDefault.png
528;Colombia;ciudadDefault.png
529;Elías;ciudadDefault.png
530;Garzón;ciudadDefault.png
531;Gigante;ciudadDefault.png
532;Guadalupe;ciudadDefault.png
533;Hobo;ciudadDefault.png
534;Iquira;ciudadDefault.png
535;Isnos;ciudadDefault.png
536;La Argentina;ciudadDefault.png
537;La Plata;ciudadDefault.png
538;Nátaga;ciudadDefault.png
539;Oporapa;ciudadDefault.png
540;Paicol;ciudadDefault.png
541;Palermo;ciudadDefault.png
542;Palestina;ciudadDefault.png
543;Pital;ciudadDefault.png
544;Pitalito;ciudadDefault.png
545;Rivera;ciudadDefault.png
546;Saladoblanco;ciudadDefault.png
547;Santa María;ciudadDefault.png
548;Suaza;ciudadDefault.png
549;Tarqui;ciudadDefault.png
550;Tesalia;ciudadDefault.png
551;Tello;ciudadDefault.png
552;Teruel;ciudadDefault.png
553;Timaná;ciudadDefault.png
554;Villavieja;ciudadDefault.png
555;Yaguará;ciudadDefault.png
556;Riohacha;ciudadDefault.png
557;Albania;ciudadDefault.png
558;Barrancas;ciudadDefault.png
559;Dibula;ciudadDefault.png
560;Distracción;ciudadDefault.png
561;El Molino;ciudadDefault.png
562;Fonseca;ciudadDefault.png
563;Hatonuevo;ciudadDefault.png
564;Maicao;ciudadDefault.png
565;Manaure;ciudadDefault.png
566;Uribia;ciudadDefault.png
567;Urumita;ciudadDefault.png
568;Villanueva;ciudadDefault.png
569;Santa Marta;ciudadDefault.png
570;Algarrobo;ciudadDefault.png
571;Aracataca;ciudadDefault.png
572;Ariguaní;ciudadDefault.png
573;Cerro San Antonio;ciudadDefault.png
574;Chivolo;ciudadDefault.png
575;Concordia;ciudadDefault.png
576;El Banco;ciudadDefault.png
577;El Piñon;ciudadDefault.png
578;El Retén;ciudadDefault.png
579;Fundación;ciudadDefault.png
580;Guamal;ciudadDefault.png
581;Nueva Granada;ciudadDefault.png
582;Pedraza;ciudadDefault.png
583;Pivijay;ciudadDefault.png
584;Plato;ciudadDefault.png
585;Remolino;ciudadDefault.png
586;Salamina;ciudadDefault.png
587;San Zenón;ciudadDefault.png
588;Santa Ana;ciudadDefault.png
589;Sitionuevo;ciudadDefault.png
590;Tenerife;ciudadDefault.png
591;Zapayán;ciudadDefault.png
592;Zona Bananera;ciudadDefault.png
593;Villavicencio;ciudadDefault.png
594;Acacias;ciudadDefault.png
595;Cabuyaro;ciudadDefault.png
596;Cubarral;ciudadDefault.png
597;Cumaral;ciudadDefault.png
598;El Calvario;ciudadDefault.png
599;El Castillo;ciudadDefault.png
600;El Dorado;ciudadDefault.png
601;Granada;ciudadDefault.png
602;Guamal;ciudadDefault.png
603;Mapiripán;ciudadDefault.png
604;Mesetas;ciudadDefault.png
605;La Macarena;ciudadDefault.png
606;Lejanías;ciudadDefault.png
607;Puerto Concordia;ciudadDefault.png
608;Puerto Gaitán;ciudadDefault.png
609;Puerto López;ciudadDefault.png
610;Puerto Lleras;ciudadDefault.png
611;Puerto Rico;ciudadDefault.png
612;Restrepo;ciudadDefault.png
613;San Juanito;ciudadDefault.png
614;San Martín;ciudadDefault.png
615;Vista Hermosa;ciudadDefault.png
616;Pasto;ciudadDefault.png
617;Albán;ciudadDefault.png
618;Aldana;ciudadDefault.png
619;Ancuyá;ciudadDefault.png
620;Barbacoas;ciudadDefault.png
621;Colón;ciudadDefault.png
622;Consaca;ciudadDefault.png
623;Contadero;ciudadDefault.png
624;Córdoba;ciudadDefault.png
625;Cuaspud;ciudadDefault.png
626;Cumbal;ciudadDefault.png
627;Cumbitara;ciudadDefault.png
628;El Charco;ciudadDefault.png
629;El Peñol;ciudadDefault.png
630;El Rosario;ciudadDefault.png
631;El Tambo;ciudadDefault.png
632;Funes;ciudadDefault.png
633;Guachucal;ciudadDefault.png
634;Guaitarilla;ciudadDefault.png
635;Gualmatán;ciudadDefault.png
636;Iles;ciudadDefault.png
637;Imués;ciudadDefault.png
638;Ipiales;ciudadDefault.png
639;La Cruz;ciudadDefault.png
640;La Florida;ciudadDefault.png
641;La Llanada;ciudadDefault.png
642;La Tola;ciudadDefault.png
643;La Unión;ciudadDefault.png
644;Leiva;ciudadDefault.png
645;Linares;ciudadDefault.png
646;Los Andes;ciudadDefault.png
647;Magüí;ciudadDefault.png
648;Mallama;ciudadDefault.png
649;Mosquera;ciudadDefault.png
650;Nariño;ciudadDefault.png
651;Olaya Herrera;ciudadDefault.png
652;Ospina;ciudadDefault.png
653;Francisco Pizarro;ciudadDefault.png
654;Policarpa;ciudadDefault.png
655;Potosí;ciudadDefault.png
656;Providencia;ciudadDefault.png
657;Puerres;ciudadDefault.png
658;Pupiales;ciudadDefault.png
659;Ricaurte;ciudadDefault.png
660;Roberto Payán;ciudadDefault.png
661;Samaniego;ciudadDefault.png
662;Sandoná;ciudadDefault.png
663;San Bernardo;ciudadDefault.png
664;San Lorenzo;ciudadDefault.png
665;San Pablo;ciudadDefault.png
666;Santa Bárbara;ciudadDefault.png
667;Sapuyes;ciudadDefault.png
668;Taminango;ciudadDefault.png
669;Tangua;ciudadDefault.png
670;Túquerres;ciudadDefault.png
671;Yacuanquer;ciudadDefault.png
672;Armenia;ciudadDefault.png
673;Buenavista;ciudadDefault.png
674;Circasia;ciudadDefault.png
675;Córdoba;ciudadDefault.png
676;Filandia;ciudadDefault.png
677;La Tebaida;ciudadDefault.png
678;Montenegro;ciudadDefault.png
679;Pijao;ciudadDefault.png
680;Quimbaya;ciudadDefault.png
681;Salento;ciudadDefault.png
682;Pereira;ciudadDefault.png
683;Apía;ciudadDefault.png
684;Balboa;ciudadDefault.png
685;Dosquebradas;ciudadDefault.png
686;Guática;ciudadDefault.png
687;La Celia;ciudadDefault.png
688;La Virginia;ciudadDefault.png
689;Marsella;ciudadDefault.png
690;Mistrató;ciudadDefault.png
691;Pueblo Rico;ciudadDefault.png
692;Quinchía;ciudadDefault.png
693;Santuario;ciudadDefault.png
694;Bucaramanga;ciudadDefault.png
695;Aguada;ciudadDefault.png
696;Albania;ciudadDefault.png
697;Aratoca;ciudadDefault.png
698;Barbosa;ciudadDefault.png
699;Barichara;ciudadDefault.png
700;Barrancabermeja;ciudadDefault.png
701;Betulia;ciudadDefault.png
702;Bolívar;ciudadDefault.png
703;Cabrera;ciudadDefault.png
704;California;ciudadDefault.png
705;Carcasí;ciudadDefault.png
706;Cepitá;ciudadDefault.png
707;Cerrito;ciudadDefault.png
708;Charalá;ciudadDefault.png
709;Charta;ciudadDefault.png
710;Chipatá;ciudadDefault.png
711;Cimitarra;ciudadDefault.png
712;Concepción;ciudadDefault.png
713;Confines;ciudadDefault.png
714;Contratación;ciudadDefault.png
715;Coromoro;ciudadDefault.png
716;Curití;ciudadDefault.png
717;El Guacamayo;ciudadDefault.png
718;El Playón;ciudadDefault.png
719;Encino;ciudadDefault.png
720;Enciso;ciudadDefault.png
721;Florián;ciudadDefault.png
722;Floridablanca;ciudadDefault.png
723;Galán;ciudadDefault.png
724;Gambita;ciudadDefault.png
725;Girón;ciudadDefault.png
726;Guaca;ciudadDefault.png
727;Guadalupe;ciudadDefault.png
728;Guapotá;ciudadDefault.png
729;Guavatá;ciudadDefault.png
730;Güepsa;ciudadDefault.png
731;Jesús María;ciudadDefault.png
732;Jordán;ciudadDefault.png
733;La Belleza;ciudadDefault.png
734;Landázuri;ciudadDefault.png
735;La Paz;ciudadDefault.png
736;Lebríja;ciudadDefault.png
737;Los Santos;ciudadDefault.png
738;Macaravita;ciudadDefault.png
739;Málaga;ciudadDefault.png
740;Matanza;ciudadDefault.png
741;Mogotes;ciudadDefault.png
742;Molagavita;ciudadDefault.png
743;Ocamonte;ciudadDefault.png
744;Oiba;ciudadDefault.png
745;Onzaga;ciudadDefault.png
746;Palmar;ciudadDefault.png
747;Páramo;ciudadDefault.png
748;Piedecuesta;ciudadDefault.png
749;Pinchote;ciudadDefault.png
750;Puente Nacional;ciudadDefault.png
751;Rionegro;ciudadDefault.png
752;San Andrés;ciudadDefault.png
753;San Gil;ciudadDefault.png
754;San Joaquín;ciudadDefault.png
755;San Miguel;ciudadDefault.png
756;Santa Bárbara;ciudadDefault.png
757;Simacota;ciudadDefault.png
758;Socorro;ciudadDefault.png
759;Suaita;ciudadDefault.png
760;Sucre;ciudadDefault.png
761;Suratá;ciudadDefault.png
762;Tona;ciudadDefault.png
763;Vélez;ciudadDefault.png
764;Vetas;ciudadDefault.png
765;Villanueva;ciudadDefault.png
766;Zapatoca;ciudadDefault.png
767;Sincelejo;ciudadDefault.png
768;Buenavista;ciudadDefault.png
769;Caimito;ciudadDefault.png
770;Coloso;ciudadDefault.png
771;Coveñas;ciudadDefault.png
772;Chalán;ciudadDefault.png
773;El Roble;ciudadDefault.png
774;Galeras;ciudadDefault.png
775;Guaranda;ciudadDefault.png
776;La Unión;ciudadDefault.png
777;Los Palmitos;ciudadDefault.png
778;Majagual;ciudadDefault.png
779;Morroa;ciudadDefault.png
780;Ovejas;ciudadDefault.png
781;Palmito;ciudadDefault.png
782;San Benito Abad;ciudadDefault.png
783;San Marcos;ciudadDefault.png
784;San Onofre;ciudadDefault.png
785;San Pedro;ciudadDefault.png
786;Sucre;ciudadDefault.png
787;Tolú Viejo;ciudadDefault.png
788;Alpujarra;ciudadDefault.png
789;Alvarado;ciudadDefault.png
790;Ambalema;ciudadDefault.png
791;Armero;ciudadDefault.png
792;Ataco;ciudadDefault.png
793;Cajamarca;ciudadDefault.png
794;Chaparral;ciudadDefault.png
795;Coello;ciudadDefault.png
796;Coyaima;ciudadDefault.png
797;Cunday;ciudadDefault.png
798;Dolores;ciudadDefault.png
799;Espinal;ciudadDefault.png
800;Falan;ciudadDefault.png
801;Flandes;ciudadDefault.png
802;Fresno;ciudadDefault.png
803;Guamo;ciudadDefault.png
804;Herveo;ciudadDefault.png
805;Honda;ciudadDefault.png
806;Icononzo;ciudadDefault.png
807;Mariquita;ciudadDefault.png
808;Melgar;ciudadDefault.png
809;Murillo;ciudadDefault.png
810;Natagaima;ciudadDefault.png
811;Ortega;ciudadDefault.png
812;Palocabildo;ciudadDefault.png
813;Piedras;ciudadDefault.png
814;Planadas;ciudadDefault.png
815;Prado;ciudadDefault.png
816;Purificación;ciudadDefault.png
817;Rio Blanco;ciudadDefault.png
818;Roncesvalles;ciudadDefault.png
819;Rovira;ciudadDefault.png
820;Saldaña;ciudadDefault.png
821;Santa Isabel;ciudadDefault.png
822;Venadillo;ciudadDefault.png
823;Villahermosa;ciudadDefault.png
824;Villarrica;ciudadDefault.png
825;Arauquita;ciudadDefault.png
826;Cravo Norte;ciudadDefault.png
827;Fortul;ciudadDefault.png
828;Puerto Rondón;ciudadDefault.png
829;Saravena;ciudadDefault.png
830;Tame;ciudadDefault.png
831;Arauca;ciudadDefault.png
832;Yopal;ciudadDefault.png
833;Aguazul;ciudadDefault.png
834;Chámeza;ciudadDefault.png
835;Hato Corozal;ciudadDefault.png
836;La Salina;ciudadDefault.png
837;Monterrey;ciudadDefault.png
838;Pore;ciudadDefault.png
839;Recetor;ciudadDefault.png
840;Sabanalarga;ciudadDefault.png
841;Sácama;ciudadDefault.png
842;Tauramena;ciudadDefault.png
843;Trinidad;ciudadDefault.png
844;Villanueva;ciudadDefault.png
845;Mocoa;ciudadDefault.png
846;Colón;ciudadDefault.png
847;Orito;ciudadDefault.png
848;Puerto Caicedo;ciudadDefault.png
849;Puerto Guzmán;ciudadDefault.png
850;Leguízamo;ciudadDefault.png
851;Sibundoy;ciudadDefault.png
852;San Francisco;ciudadDefault.png
853;San Miguel;ciudadDefault.png
854;Santiago;ciudadDefault.png
855;Leticia;ciudadDefault.png
856;El Encanto;ciudadDefault.png
857;La Chorrera;ciudadDefault.png
858;La Pedrera;ciudadDefault.png
859;La Victoria;ciudadDefault.png
860;Puerto Arica;ciudadDefault.png
861;Puerto Nariño;ciudadDefault.png
862;Puerto Santander;ciudadDefault.png
863;Tarapacá;ciudadDefault.png
864;Inírida;ciudadDefault.png
865;Barranco Minas;ciudadDefault.png
866;Mapiripana;ciudadDefault.png
867;San Felipe;ciudadDefault.png
868;Puerto Colombia;ciudadDefault.png
869;La Guadalupe;ciudadDefault.png
870;Cacahual;ciudadDefault.png
871;Pana Pana;ciudadDefault.png
872;Mitú;ciudadDefault.png
873;Carurú;ciudadDefault.png
874;Taraira;ciudadDefault.png
875;Papunahua;ciudadDefault.png
876;Yavaraté;ciudadDefault.png
877;Pacoa;ciudadDefault.png
878;Morichal;ciudadDefault.png
879;Puerto Carreño;ciudadDefault.png
880;La Primavera;ciudadDefault.png
881;Santa Rosalía;ciudadDefault.png
882;Cumaribo;ciudadDefault.png
883;San José del Fragua;ciudadDefault.png
884;Barranca de Upía;ciudadDefault.png
885;Palmas del Socorro;ciudadDefault.png
886;San Juan de Río Seco;ciudadDefault.png
887;Juan de Acosta;ciudadDefault.png
888;Fuente de Oro;ciudadDefault.png
889;San Luis de Gaceno;ciudadDefault.png
890;El Litoral del San Juan;ciudadDefault.png
891;Villa de San Diego de Ubate;ciudadDefault.png
892;Barranco de Loba;ciudadDefault.png
893;Togüí;ciudadDefault.png
894;Santa Rosa del Sur;ciudadDefault.png
895;El Cantón del San Pablo;ciudadDefault.png
896;Villa de Leyva;ciudadDefault.png
897;San Sebastián de Buenavista;ciudadDefault.png
898;Paz de Río;ciudadDefault.png
899;Hatillo de Loba;ciudadDefault.png
900;Sabanas de San Angel;ciudadDefault.png
901;Calamar;ciudadDefault.png
902;Río de Oro;ciudadDefault.png
903;San Pedro de Uraba;ciudadDefault.png
904;San José del Guaviare;ciudadDefault.png
905;Santa Rosa de Viterbo;ciudadDefault.png
906;Santander de Quilichao;ciudadDefault.png
907;Miraflores;ciudadDefault.png
908;Santafé de Antioquia;ciudadDefault.png
909;San Carlos de Guaroa;ciudadDefault.png
910;Palmar de Varela;ciudadDefault.png
911;Santa Rosa de Osos;ciudadDefault.png
912;San Andrés de Cuerquía;ciudadDefault.png
913;Valle de San Juan;ciudadDefault.png
914;San Vicente de Chucurí;ciudadDefault.png
915;San José de Miranda;ciudadDefault.png
916;Providencia;ciudadDefault.png
917;Santa Rosa de Cabal;ciudadDefault.png
918;Guayabal de Siquima;ciudadDefault.png
919;Belén de Los Andaquies;ciudadDefault.png
920;Paz de Ariporo;ciudadDefault.png
921;Santa Helena del Opón;ciudadDefault.png
922;San Pablo de Borbur;ciudadDefault.png
923;La Jagua del Pilar;ciudadDefault.png
924;La Jagua de Ibirico;ciudadDefault.png
925;San Luis de Sincé;ciudadDefault.png
926;San Luis de Gaceno;ciudadDefault.png
927;El Carmen de Bolívar;ciudadDefault.png
928;El Carmen de Atrato;ciudadDefault.png
929;San Juan de Betulia;ciudadDefault.png
930;Pijiño del Carmen;ciudadDefault.png
931;Vigía del Fuerte;ciudadDefault.png
932;San Martín de Loba;ciudadDefault.png
933;Altos del Rosario;ciudadDefault.png
934;Carmen de Apicala;ciudadDefault.png
935;San Antonio del Tequendama;ciudadDefault.png
936;Sabana de Torres;ciudadDefault.png
937;El Retorno;ciudadDefault.png
938;San José de Uré;ciudadDefault.png
939;San Pedro de Cartago;ciudadDefault.png
940;Campo de La Cruz;ciudadDefault.png
941;San Juan de Arama;ciudadDefault.png
942;San José de La Montaña;ciudadDefault.png
943;Cartagena del Chairá;ciudadDefault.png
944;San José del Palmar;ciudadDefault.png
945;Agua de Dios;ciudadDefault.png
946;San Jacinto del Cauca;ciudadDefault.png
947;San Agustín;ciudadDefault.png
948;El Tablón de Gómez;ciudadDefault.png
949;San Andrés;ciudadDefault.png
950;San José de Pare;ciudadDefault.png
951;Valle de Guamez;ciudadDefault.png
952;San Pablo de Borbur;ciudadDefault.png
953;Santiago de Tolú;ciudadDefault.png
954;Bogotá D.C.;ciudadDefault.png
955;Carmen de Carupa;ciudadDefault.png
956;Ciénaga de Oro;ciudadDefault.png
957;San Juan de Urabá;ciudadDefault.png
958;San Juan del Cesar;ciudadDefault.png
959;El Carmen de Chucurí;ciudadDefault.png
960;El Carmen de Viboral;ciudadDefault.png
961;Belén de Umbría;ciudadDefault.png
962;Belén de Bajira;ciudadDefault.png
963;Valle de San José;ciudadDefault.png
964;San Luis;ciudadDefault.png
965;San Miguel de Sema;ciudadDefault.png
966;San Antonio;ciudadDefault.png
967;San Benito;ciudadDefault.png
968;Vergara;ciudadDefault.png
969;San Carlos;ciudadDefault.png
970;Puerto Alegría;ciudadDefault.png
971;Hato;ciudadDefault.png
972;San Jacinto;ciudadDefault.png
973;San Sebastián;ciudadDefault.png
974;San Carlos;ciudadDefault.png
975;Tuta;ciudadDefault.png
976;Silos;ciudadDefault.png
977;Cácota;ciudadDefault.png
978;El Dovio;ciudadDefault.png
979;Toledo;ciudadDefault.png
980;Roldanillo;ciudadDefault.png
981;Mutiscua;ciudadDefault.png
982;Argelia;ciudadDefault.png
983;El Zulia;ciudadDefault.png
984;Salazar;ciudadDefault.png
985;Sevilla;ciudadDefault.png
986;Zarzal;ciudadDefault.png
987;Cucutilla;ciudadDefault.png
988;El Cerrito;ciudadDefault.png
989;Cartago;ciudadDefault.png
990;Caicedonia;ciudadDefault.png
991;Puerto Santander;ciudadDefault.png
992;Gramalote;ciudadDefault.png
993;El Cairo;ciudadDefault.png
994;El Tarra;ciudadDefault.png
995;La Unión;ciudadDefault.png
996;Restrepo;ciudadDefault.png
997;Teorama;ciudadDefault.png
998;Dagua;ciudadDefault.png
999;Arboledas;ciudadDefault.png
1000;Guacarí;ciudadDefault.png
1001;Lourdes;ciudadDefault.png
1002;Ansermanuevo;ciudadDefault.png
1003;Bochalema;ciudadDefault.png
1004;Bugalagrande;ciudadDefault.png
1005;Convención;ciudadDefault.png
1006;Hacarí;ciudadDefault.png
1007;La Victoria;ciudadDefault.png
1008;Herrán;ciudadDefault.png
1009;Ginebra;ciudadDefault.png
1010;Yumbo;ciudadDefault.png
1011;Obando;ciudadDefault.png
1012;Tibú;ciudadDefault.png
1013;San Cayetano;ciudadDefault.png
1014;San Calixto;ciudadDefault.png
1015;Bolívar;ciudadDefault.png
1016;La Playa;ciudadDefault.png
1017;Cali;ciudadDefault.png
1018;San Pedro;ciudadDefault.png
1019;Guadalajara de Buga;ciudadDefault.png
1020;Chinácota;ciudadDefault.png
1021;Ragonvalia;ciudadDefault.png
1022;La Esperanza;ciudadDefault.png
1023;Villa del Rosario;ciudadDefault.png
1024;Chitagá;ciudadDefault.png
1025;Calima;ciudadDefault.png
1026;Sardinata;ciudadDefault.png
1027;Andalucía;ciudadDefault.png
1028;Pradera;ciudadDefault.png
1029;Abrego;ciudadDefault.png
1030;Los Patios;ciudadDefault.png
1031;Ocaña;ciudadDefault.png
1032;Bucarasica;ciudadDefault.png
1033;Yotoco;ciudadDefault.png
1034;Palmira;ciudadDefault.png
1035;Riofrío;ciudadDefault.png
1036;Santiago;ciudadDefault.png
1037;Alcalá;ciudadDefault.png
1038;Versalles;ciudadDefault.png
1039;Labateca;ciudadDefault.png
1040;Cachirá;ciudadDefault.png
1041;Villa Caro;ciudadDefault.png
1042;Durania;ciudadDefault.png
1043;El Águila;ciudadDefault.png
1044;Toro;ciudadDefault.png
1045;Candelaria;ciudadDefault.png
1046;La Cumbre;ciudadDefault.png
1047;Ulloa;ciudadDefault.png
1048;Trujillo;ciudadDefault.png
1049;Vijes;ciudadDefault.png
1050;Chimá;ciudadDefault.png
1051;Sampués;ciudadDefault.png
1052;Nunchía;ciudadDefault.png
1053;Pamplona;ciudadDefault.png
1054;Albán;ciudadDefault.png
1055;Montelíbano;ciudadDefault.png
1056;Puerto Asís;ciudadDefault.png
1057;Corozal;ciudadDefault.png
1058;Buesaco;ciudadDefault.png
1059;Maní;ciudadDefault.png
1060;El Peñón;ciudadDefault.png
1061;Tuluá;ciudadDefault.png
1062;Casabianca;ciudadDefault.png
1063;Anolaima;ciudadDefault.png
1064;Chía;ciudadDefault.png
1065;San Andrés de Tumaco;ciudadDefault.png
1066;Milán;ciudadDefault.png
1067;Capitanejo;ciudadDefault.png
1068;Anzoátegui;ciudadDefault.png
1069;Florida;ciudadDefault.png
1070;Repelón;ciudadDefault.png
1071;Frontino;ciudadDefault.png
1072;El Peñón;ciudadDefault.png
1073;Pamplonita;ciudadDefault.png
1074;Miriti Paraná;ciudadDefault.png
1075;Támara;ciudadDefault.png
1076;Tibasosa;ciudadDefault.png
1077;Páez;ciudadDefault.png
1078;Ibagué;ciudadDefault.png
1079;Puerto Colombia;ciudadDefault.png
1080;Belén;ciudadDefault.png
1081;Sopó;ciudadDefault.png
1082;Carmen del Darien;ciudadDefault.png
1083;Gama;ciudadDefault.png
1084;Sasaima;ciudadDefault.png
1085;Chachagüí;ciudadDefault.png
1086;Cúcuta;ciudadDefault.png
1087;Cartagena;ciudadDefault.png
1088;Granada;ciudadDefault.png
1089;Santa Bárbara de Pinto;ciudadDefault.png
1090;María la Baja;ciudadDefault.png
1091;La Montañita;ciudadDefault.png
1092;San Vicente del Caguán;ciudadDefault.png
1093;El Peñón;ciudadDefault.png
1094;Jardín;ciudadDefault.png
1095;Jamundí;ciudadDefault.png
1096;Tadó;ciudadDefault.png
1097;Orocué;ciudadDefault.png
1098;Líbano;ciudadDefault.png
1099;Yacopí;ciudadDefault.png
1100;Calarcá;ciudadDefault.png
1101;Sonsón;ciudadDefault.png
1102;El Carmen;ciudadDefault.png
1103;Lérida;ciudadDefault.png
1104;La Apartada;ciudadDefault.png
1105;San Cristóbal;ciudadDefault.png
1106;Fusagasugá;ciudadDefault.png
1107;Zambrano;ciudadDefault.png
1108;La Uvita;ciudadDefault.png
1109;Zipaquirá;ciudadDefault.png
1110;Génova;ciudadDefault.png
1111;Suárez;ciudadDefault.png
1112;Castilla la Nueva;ciudadDefault.png
1113;Belén;ciudadDefault.png
1114;Unión Panamericana;ciudadDefault.png
1115;Pueblo Viejo;ciudadDefault.png
1116;Villagarzón;ciudadDefault.png
1117;Facatativá;ciudadDefault.png
1118;Puerto Libertador;ciudadDefault.png
1119;Marquetalia;ciudadDefault.png
1120;Arboleda;ciudadDefault.png
1121;Buenaventura;ciudadDefault.png
1122;Ciénaga;ciudadDefault.png
1123;Ponedera;ciudadDefault.png
